<?xml version="1.0" encoding="utf-8" ?>
<project basedir="." name="ALED-lab5" default="ALED-lab5-Entrega">
<property environment="env"/>
<property name="debuglevel" value="source,lines,vars"/>
<property name="target" value="11"/>
<property name="source" value="11"/>
<!--<property name="build.compiler" value="org.eclipse.jdt.core.JDTCompilerAdapter"/>
-->
<path id="JUnit 4.libraryclasspath">
    <pathelement location=".lib/junit.jar"/>
	<pathelement location=".lib/org.hamcrest.core_1.3.0.v20180420-1519.jar"/>
</path>
<path id="ALED-lab5.classpath">
	<pathelement location="bin"/>
	<path refid="JUnit 4.libraryclasspath"/>
	<pathelement location=".lib/ecj-4.20.jar"/>
</path>
<path id="ALED-lab5_aux.classpath">
	<pathelement location=".lib/setting.jar"/>
</path>
<target name="init">
	<delete includeemptydirs="true">
	    <fileset dir="bin" defaultexcludes="false"/>
	</delete>
	<mkdir dir="bin"/>
	<copy includeemptydirs="false" todir="bin">
		<fileset dir="src">
        	<exclude name="**/*.java"/>
        </fileset>
    </copy>
</target>
<target depends="init" name="build-project">
    <javac debug="true" debuglevel="${debuglevel}" nowarn="true" srcdir="src" destdir="bin" includeantruntime="false" source="${source}" target="${target}">
        <src path="src"/>
        <classpath refid="ALED-lab5.classpath"/>
        <classpath>
          <pathelement location=".lib/ecj-4.20.jar"/>
        </classpath>
        <compilerarg compiler="org.eclipse.jdt.core.JDTCompilerAdapter" line="-warn:+boxing"/>
    	<compilerarg value="-Xlint:unchecked"/>
    </javac>
</target>	
<target depends="build-project" name="ALED-lab5-Entrega">
    <java classname="Practica3Entrega" fork="yes"> <!-- dir="./cromosomas/"> -->
        <arg line=""/>
        <classpath refid="ALED-lab5.classpath"/>
    	<classpath refid="ALED-lab5_aux.classpath"/>
    </java>
</target>
</project>