<?xml version="1.0" encoding="utf-8" ?>
<project name="ADSW-lab0_completo" default="build-setting" basedir=".">
	<target name = "build-setting">
	   <jar destfile = "setting_in.jar"
	      basedir = "bin"
	      includes = "**"
	      excludes = "es/upm/dit/adsw/**">
	      <manifest>
	         <attribute name = "Main-Class" value = "Practica0Entrega"/>
	      </manifest>
	   </jar>
	   <java jar="./proguard.jar"
		     fork="true"
		     failonerror="true"
		     maxmemory="128m">
	   	<arg value="-injars setting_in.jar -outjars setting.jar"/>
		<arg value="-libraryjars /Library/Internet Plug-Ins/JavaAppletPlugin.plugin/Contents/Home/lib/rt.jar:/Users/mmiguel/.p2/pool/plugins/org.junit_4.12.0.v201504281640/junit.jar:/Users/mmiguel/eclipse_workspaces/workspace_asignaturas20210815_v1/ADSW-lab0_completo/bin"/>
	   	<arg value="-libraryjars ${java.class.path}"/>
	   	<arg value="-keep public class Practica0Entrega { 
	   		      public static void main(java.lang.String[]); 
	   		}
	   		-target 11
	   		-dontwarn
	   		-dontshrink
	   		-dontoptimize
	   		-keepattributes *Annotation*
	   		-keepclassmembers class es.upm.dit.adsw.*.* {
	   		*;
	   		}
	   		-keepclassmembers class es.upm.dit.tokenbuilder.*.* {
	   		*;
	   		}"/>
	   	<arg value="-keep public class es.upm.dit.tokenbuilder.TokenBuilder* { 
	   	*;
	   		}
	   		-target 11
	   		-dontwarn
	   		-dontshrink
	   		-dontoptimize
	   		-keepattributes *Annotation*
	   		-keepclassmembers class es.upm.dit.tokenbuilder.* {
	   		*;
	   		}"/>
	   </java>
	</target>
</project>